title,status,price,country
New Dragon Ball Z Super Saiyan God Goku Figure Toy,Brand New,23.99,United States
DragonBall Z Super Saiyan GOKU 50th Anniversary Manga Action Figure Gift ,Brand New,20.62,United Kingdom
Bandai Dragon Ball Super Stars Ultra Instinct Goku Action Figure,Brand New,26.66,United States
Dragon Ball Z Lego brick mini figures. GOKU VEGETA TRUNKS BEERUS CELL FRIEZA,Brand New,3.44,United Kingdom
Dragon Ball Z 5 PCS Gold Commemorative Coin Goku Vegeta Collection In The Box,Brand New,19.59,United States
Dragon Ball Z Goku Wristwatch Super Saiyan,Pre-Owned,15.0,United States
Gashapon Dragon Ball Super DRACAP REBIRTH Super Resurrection,Brand New,35.77,United Kingdom
SH Figuarts Dragonball Z Son Goku Kaioken Bandai Funimation ,Brand New,27.0,United States
OP Funko Pop! Super Saiyan Goku 865 Dragonball Z Limited Edition,Brand New,29.5,Germany
Super Saiyan Goku Metallic #14 Funko Pop Dragon Ball Z Loot Crate Exclusive,Pre-Owned,27.52,United Kingdom
S.H.Figuarts SUPER SAIYAN GOD SON GOKU -Event Exclusive Color Edition- in stock,Brand New,89.99,United States
Dragon ball super goku ultra Instinct sleeve Dimensions grandista new pre-order.,Brand New,69.5,Spain
SH Figuarts Dragonball Z Son Goku Kaioken NEW Bandai Funimation ,Brand New,31.0,United States
DragonBall Super Goku Super Saiyan God Anime Manga Action Figures Collection DBZ,Brand New,23.37,United Kingdom
Dragon Ball Z Super 6PCS Saiyan Goku Goham Buu Boo WCF Figure,Brand New,19.99,United States
Dragon Ball Super GOKU ULTRA ISTINCT Anime Manga Figures Coccection Toy DBZ,Brand New,20.62,United Kingdom
Brand New Dragon Ball Super Son Goku Cap Beanie orange,Brand New,16.0,United States
Bandai S.H. Figuarts son goku a saiyan raised on earth AUTHENTIC,Brand New,30.0,United States
Son Goku Dragon Ball Cuadros Canvas Printed All Wall No Frame 5 Pcs Exoplanet,Brand New,35.9,China
Dragon Ball Super DBZ Collection Figure Son Goku Kid Figure Official Banpresto ,Pre-Owned,40.0,United States
S.H.Figuarts SUPER SAIYAN GOD SON GOKU - SDCC Exclusive Color Edition Confirmed,Brand New,60.0,United States
RARE Dragonball Z Tenkaichi Budokai Stadium playset Vegeta Goku Super Saiyan Jak,Brand New,449.99,United States
Funko Pop Super Saiyan Rose Goku Black # 260 Dragon Ball Z,Brand New,8.02,Germany
Dragon Ball Super Poster Vegeta Goku Gogeta Blue Attack Logo 12inx18in,Brand New,9.95,United States
Dragon Ball Kai Super Saiyan 3 Son Goku Bandai S.H.Figuarts Chinese Version,Pre-Owned,99.99,United States
Dragon Ball Z Goku J-World Tokyo Premium Medal Collector's Coin,Brand New,10.3,United Kingdom
Dragon ball Z Super Saiyan Goku - Mochibi,Brand New,20.0,United States
S.H. Figuarts Dragon Ball Z Super Saiyan God Son Goku Exclusive NEW SHIPS TODAY,Brand New,114.9,United States
Anime Dragon Ball Z Super Saiyan Goku PVC Action Figure Figurine Toy Gift 20CM#,Brand New,18.97,China
Dragon Ball Evolve Ultra Instinct Goku Action Figure 5 inch Bandai,Brand New,15.99,United States
Dragon Ball Imagination Figure 7 Dracap Son Goku,Pre-Owned,143.0,Japan
Dragon Ball Super S.H.Figuarts Event Exclusive SUPER SAIYAN GOD GOKU BEERUS WHIS,Brand New,299.99,United States
Dragonball Z Super Saiyan 2 Son Goku Dokkan Battle Collab Ban Presto New Japan,Brand New,19.99,United States
Banpresto Dragon Ball Z Grandista Nero Super Saiyan 3 Son Goku PVC Figure NEW,Brand New,109.99,United States
Dragon Ball Super Dragon Stars - Super Saiyan Goku 3 Bandai Open Box,Pre-Owned,22.31,United States
Lot of 3x Bandai Tamashii Stage Dragon Ball Z Event Exclusive Edition SDCC 2021,Brand New,59.99,United States
Dragon Ball Z Mini Best Of Gashapon Carded Figure Super Saiyan 3 SSJ3 Goku 1995,Brand New,299.99,United States
Dragon Ball Super Poster Goku Ultra and Jiren 12inx18in Free Shipping,Brand New,9.95,United States
Hot Dragon Ball Goku Sweater Men Hoodie Winter Coat 3D Print Hooded Top,Brand New,29.86,China
Bandai Dragon Stars Dragonball Fighterz Super Saiyan Goku Gamestop,Brand New,55.02,United Kingdom
Dragon Ball Super Poster Vegeta Goku Blue Attack 12inx18in,Brand New,9.95,United States
Figurine Mc Donald 2006 Dragon Ball FS Goku Edition 14 CM,Pre-Owned,6.07,France
Dragon Ball Super Poster Vegeta Goku Blue Attack Logo 12inx18in,Brand New,9.95,United States
Dragon Ball Z- Super Saiyan Goku Plush 8'H,Brand New,21.0,United States
S.H Figuarts Dragon Ball Super Saiyan God Blue SSGSS  SON GOKU Tamashii,Pre-Owned,0.99,United States
Dragon Ball Super Creator × Creator-Son Goku-Figures All Two Set,Brand New,36.2,Japan
Super Dragon Ball Heroes PCS13-05 Goku Brak,Brand New,16.52,Japan
Super Dragon Ball Heroes / PBS-11 Goku Midnight Eye black [without foil],Brand New,16.32,Japan
Dragon Ball Super Poster Goku Blue SSJ Logo Blue Stripe 12inx18in Free Shipping,Brand New,9.95,United States
unifive - Dragonball Z - posing figure - Goku super saiyan Mini Toy Figure - D10,Pre-Owned,5.99,Hong Kong
Dragon Ball Z/Super Poster Goku from SSJ to Ultra 12in x 18in Free Shipping,Brand New,9.95,United States
SH Figuarts Son Goku A Saiyan Raised On Earth Figure New Dragon Ball Z US Seller,Brand New,44.99,United States
Dragonball Z Super Saiyan Blue Son Goku Rubiks Charaction Cube Twist Puzzle Toy,Brand New,19.9,Hong Kong
Dragon Ball Z - Super Saiyan Goku Pop! Vinyl Figure + Protector,Brand New,14.59,Australia
BANDAI - Dragonball Z - Magnet  - Goku  - Mini Toy Figure - D10,Pre-Owned,5.99,Hong Kong
Super Dragon Ball Heroes 7th / SH7-CP7 Goku Midnight Eye black CP,Brand New,20.84,Japan
Super Dragon Ball Heroes / UMLA-01 Goku: BR,Brand New,15.67,Japan
Dragon Ball Heroes / HGD10-43 Goku Midnight Eye black SR,Brand New,15.5,Japan
New Goku SSJ Blue Pillow case Cover Only Dragon Ball Super Gift Birthday DBZ,Brand New,16.5,United Kingdom
Bandai S.H. Figuarts Dragon Ball Broly SSGSS Son Goku Blue - Extras,Pre-Owned,50.0,United States
Super Dragon Ball Heroes PBBS7-01 Goku,Brand New,20.73,Japan
Demoniacal Fit SSG Custom headsculpt set  SHF Goku Vegeta guko begeta US Seller,Brand New,44.99,United States
Dragon Ball Z Vintage Yutaka 1992 Super Saiyan Goku Figure,Pre-Owned,29.99,United States
Figuarts Goku Black Dragon Ball Super Saiyan Action Figure Shf S.h. New,Brand New,24.61,China
Dragonball Goku Kakarotto Gohan アテナ Athena Temporary Leg Arm Party Tattoo 6pcs,Brand New,19.99,China
